{"cameraMode":{"drawMode":0,"name":"Shaded","section":"Shading Mode"},"sceneLighting":true,"audioPlay":false,"sceneViewState":{"showFog":true,"showMaterialUpdate":false,"showSkybox":true,"showFlares":true,"showImageEffects":true,"showParticleSystems":true},"in2DMode":false,"pivot":{"x":4.377734184265137,"y":2.983264923095703,"z":-0.3887004852294922},"rotation":{"x":0.05832734704017639,"y":-0.8872974514961243,"z":0.1173030212521553,"w":0.4422004222869873},"size":28.226165771484376,"orthographic":true}